{
  "question1": {
    "question": "What does a markup language use to identify content?",
    "a": "functions",
    "b": "scripts",
    "c": "tags",
    "d": "commands",
    "correct": "c"
  },
  "question2": {
    "question": "What is HTML?",
    "a": "Hypertext Library",
    "b": "Programming Language",
    "c": "Markup Language",
    "d": "Scripting Language",
    "correct": "c"
  },
  "question3": {
    "question": "When formatting text, can you get the same result when using different tags?",
    "a": "probably",
    "b": "yes",
    "c": "sometimes",
    "d": "no",
    "correct": "c"
  },
  "question4": {
    "question": "What does the href attribute contain?",
    "a": "the URL of the page to be transferred",
    "b": "the name of the web page to be transferred",
    "c": "whether the new page should be opened in the same or a new window",
    "d": "none of above",
    "correct": "a"
  },
  "question5": {
    "question": "Who is making the Web standards?",
    "a": "The World Wide Web Consortium",
    "b": "Google",
    "c": "Microsoft",
    "d": "Mozilla",
    "correct": "a"
  },
  "question6": {
    "question": "Choose the correct HTML element for the largest heading:",
    "a": "h6",
    "b": "h1",
    "c": "heading",
    "d": "br",
    "correct": "b"
  },
  "question7": {
    "question": "Which character is used to indicate an end tag?",
    "a": "*",
    "b": "/",
    "c": "<",
    "d": "none of above",
    "correct": "b"
  },
  "question8": {
    "question": "What is the difference between XML and HTML?",
    "a": "HTML can have user defined tags, XML cannot",
    "b": "XML is used for exchanging data, HTML is not",
    "c": "HTML is used for exchanging data, XML is not.",
    "d": "all answers are correct",
    "correct": "b"
  },
  "question9": {
    "question": "HTML program is saved using _________ extension.",
    "a": ".html",
    "b": ".hml",
    "c": ".css",
    "d": "none of above",
    "correct": "a"
  },
  "question10": {
    "question": "DOM stands for",
    "a": "Document Oriented model",
    "b": "Data object model",
    "c": "Data oriented model",
    "d": "Document object model",
    "correct": "d"
  }
}
