{
  "question1": {
    "question": " How can you created rounded corners using CSS3?",
    "a": " border[round]: 30px;",
    "b": ". corner-effect: round;",
    "c": " border-radius: 30px;",
    "d": "alpha-effect: round-corner;",
    "correct": "c"
  },
  "question2": {
    "question": " How do you add shadow to elements in CSS3?",
    "a": "box-shadow: 10px 10px 5px grey;",
    "b": "shadow-right: 10px shadow-bottom: 10px;",
    "c": "shadow-color: grey;",
    "d": "alpha-effect[shadow]: 10px 10px 5px grey; ",
    "correct": "a"
  },
  "question3": {
    "question": " How to you modify a border image using CSS3?",
    "a": "border: url(image.png);",
    "b": "border-variable: image url(image.png);",
    "c": " border-image: url(border.png) 30 30 round;",
    "d": "None ",
    "correct": "c"
  },
  "question4": {
    "question": "How to resize a background image using CSS3?",
    "a": " background-size: 80px 60px;",
    "b": "bg-dimensions: 80px 60px;",
    "c": " background-proportion: 80px 60px;",
    "d": " alpha-effect: bg-resize 80px 60px;",
    "correct": "a"
  },
  "question5": {
    "question": "How to add text shadow using CSS3?",
    "a": " font: shadowed 5px 5px 5px grey;",
    "b": "font-shadow: 5px 5px 5px grey;",
    "c": " text-shadow: 5px 5px 5px grey; ",
    "d": " shadow: text 5px 5px 5px grey;",
    "correct": "c"
  },
  "question6": {
    "question": " How to force a word wrap using CSS3?",
    "a": "  word-wrap: break-word;",
    "b": ". text-wrap: break-word;",
    "c": "  text-wrap: force;",
    "d": " text-width: set;",
    "correct": "a"
  },
  "question7": {
    "question": "Which of these are valid CSS3 transformation statements. ",
    "a": "matrix() ",
    "b": "modify()",
    "c": "skip()",
    "d": " simulate()",
    "correct": "a"
  },
  "question8": {
    "question": " How to rotate objects using CSS3? ",
    "a": " object-rotation: 30deg; ",
    "b": " transform: rotate(30deg);",
    "c": "rotate-object: 30deg;",
    "d": " transform: rotate-30deg-clockwise;",
    "correct": "b"
  },
  "question9": {
    "question": "How to re-size/scale objects using CSS3?",
    "a": "  transform: scale(2,4); ",
    "b": " scale-object: 2,4;",
    "c": "scale: (2,4);",
    "d": "None",
    "correct": "a"
  },
  "question10": {
    "question": "How to create transition effects using CSS3?",
    "a": "transition: width 2s; ",
    "b": "transition-duration: 2s; transition-effect: width; ",
    "c": " alpha-effect: transition (width,2s);",
    "d": "None",
    "correct": "a"
  }
}
